Handle,Title,Body (HTML),Vendor,Product Category,Type,Tags,Published,Option1 Name,Option1 Value,Option1 Linked To,Option2 Name,Option2 Value,Option2 Linked To,Option3 Name,Option3 Value,Option3 Linked To,Variant SKU,Variant Grams,Variant Inventory Tracker,Variant Inventory Qty,Variant Inventory Policy,Variant Fulfillment Service,Variant Price,Variant Compare At Price,Variant Requires Shipping,Variant Taxable,Variant Barcode,Image Src,Image Position,Image Alt Text,Gift Card,SEO Title,SEO Description,Google Shopping / Google Product Category,Google Shopping / Gender,Google Shopping / Age Group,Google Shopping / MPN,Google Shopping / Condition,Google Shopping / Custom Product,Google Shopping / Custom Label 0,Google Shopping / Custom Label 1,Google Shopping / Custom Label 2,Google Shopping / Custom Label 3,Google Shopping / Custom Label 4,Variant Image,Variant Weight Unit,Variant Tax Code,Cost per item,Included / Brazil,Price / Brazil,Compare At Price / Brazil,Included / International,Price / International,Compare At Price / International,Status
20-60cm-925-sterling-silver-luxury-brand-design-noble-necklace-chain-for-woman-men-fashion-wedding-engagement-jewelry,925 Silver Groumet Chain,"<h1 style=""text-align: center;"" class=""product-name""><span style=""color: #ff8000;"">925 Silver Groumet Chain</span></h1>
<p style=""text-align: center;"">These 925 Group Chains are made of solid silver with 925 zirconias. They feature a modern and elegant design around, making them perfect for special occasions such as weddings, anniversaries, graduations, and more. Hypoallergenic, the product is made with high-quality materials.</p>
<p style=""text-align: center;""><img height=""528"" width=""528"" src=""https://cdn.shopify.com/s/files/1/0653/5312/1845/files/S611f561ee3c54b938c7527d036228b02i.jpg?v=1732136793"" alt=""|200000639:200661028#45cm 18inches|200000639:200661029#50cm  20inches|200000639:100010281#55cm 22inches|200000639:884#60cm 24inches|200000639:1438#20cm 8inches""></p>
<h2 style=""text-align: left;"">Specifications:</h2>
<p>Material | Solid 925 silver <br>Stones | 925 zirconias <br>Length | 60 cm <br>Size | Adjustable <br>Quality | Hypoallergenic <br>Occasions | Weddings, anniversaries, graduations, etc.</p>",DSERS,,moda,"best-sellers, accessories",FALSE,Size,45cm,,,,,,,,200000639:200661028#45cm 18inches,0.0,shopify,1000,continue,manual,35.00,55.00,TRUE,FALSE,,https://cdn.shopify.com/s/files/1/0913/8651/1642/files/S611f561ee3c54b938c7527d036228b02i.jpg?v=1732136764,1,|200000639:200661028#45cm 18inches|200000639:200661029#50cm  20inches|200000639:100010281#55cm 22inches|200000639:884#60cm 24inches|200000639:1438#20cm 8inches,FALSE,,,,,,,,,,,,,,https://cdn.shopify.com/s/files/1/0913/8651/1642/files/S611f561ee3c54b938c7527d036228b02i.jpg?v=1732136764,kg,,,TRUE,,,TRUE,,,active
2022-new-fashion-female-shoulder-bag-rhombus-embroidered-solid-color-chain-women-39-s-shoulder-crossbody-casual-trendy-phone-bag,Classic Clatch Crossbody Bag,"<h1 class=""product-single__title"" style=""text-align: center;""><span style=""color: #ff8000;"">Classic Clatch Crossbody Bag</span></h1>
<p style=""text-align: center;"">This classic clatch crossbody bag is ideal for carrying your personal items with ease, featuring a wide strap and a clatch closure. It has a versatile design for everyday use and weekends. Double tailoring in yellow, synthetic leather details, and shoulder appliqué. A beautiful, functional, and practical bag.</p>
<p style=""text-align: center;""><span data-mce-fragment=""1"" data-offset-key=""636t-187-0""><img height=""500"" width=""500"" src=""https://cdn.shopify.com/s/files/1/0579/2494/4070/products/bolsinha-transversal-clatch-classica_9_1800x1800.png?v=1656927688""></span></p>
<h2 style=""text-align: left;""><span data-mce-fragment=""1"" data-offset-key=""636t-187-0"">Specifications:</span></h2>
<p><span data-mce-fragment=""1"" data-offset-key=""636t-187-0"">| Material | Double tailoring |<br>| Closure | Clatch |<br>| Details | Synthetic leather and shoulder appliqué |</span></p>
<p style=""text-align: center;""><br></p>",DSERS,,moda,"best-sellers, accessories",FALSE,Color,1,,,,,,,,13:59,0.0,shopify,1000,continue,manual,105.00,139.90,TRUE,FALSE,,https://cdn.shopify.com/s/files/1/0913/8651/1642/files/S4a1b5ca6c2734ffb84820decc7bc3c0fH.jpg?v=1732136761,1,,FALSE,,,,,,,,,,,,,,https://cdn.shopify.com/s/files/1/0913/8651/1642/files/Sdf8f631fba174000ae1784159b62bd3fj.jpg?v=1732136761,kg,,,TRUE,,,TRUE,,,active
xqni-new-classic-style-men-leather-bracelet-simple-black-stainless-steel-button-neutral-accessories-hand-woven-jewelry-gifts,Slim Comfort Bracelet,"<h1 style=""text-align: center;"" class=""product_title entry-title""><span style=""color: #ff8000;"">Slim Comfort Bracelet</span></h1>
<p style=""text-align: center;"">The Slim Comfort Bracelet is a classic and minimalist bracelet made of genuine leather. This bracelet offers hours of comfort and style, with a high-quality clasp to hold pendants and ensure accessories.</p>
<p style=""text-align: center;""><img src=""https://cdn.shopify.com/s/files/1/0560/0342/8506/products/HTB1LIZeX5DxK1RjSsphq6zHrpXah_1024x1024.jpg?v=1624897048"" width=""500"" height=""500""></p>
<h2 style=""text-align: left;"">Specifications:</h2>
<p>Material: genuine leather<br>Clasp: high-quality stainless steel<br>Details: practical and elegant design<br>Style: classic and minimalist<br>Color: Available in various colors</p>",DSERS,,moda,"best-sellers, accessories",FALSE,Color,1,,Size,19cm,,,,,200001034:361180#Black;200000639:201452416,0.0,shopify,1000,continue,manual,65.00,95.00,TRUE,FALSE,,https://cdn.shopify.com/s/files/1/0913/8651/1642/files/HTB1iModX2fsK1RjSszbq6AqBXXaF.jpg?v=1732136757,1,,FALSE,,,,,,,,,,,,,,https://cdn.shopify.com/s/files/1/0913/8651/1642/files/HTB1KREdX2vsK1RjSspdq6AZepXaK.jpg?v=1732136758,kg,,,TRUE,,,TRUE,,,active
fashion-spiral-silver-plated-gold-color-ring-x-shape-cross-cz-finger-rings-for-women-girl-engagement-wedding-lady-jewelry-gift,Femme Ring,"<h1 style=""text-align: center;"" class=""product-meta__title heading h3""><span style=""color: #ff8000;"">Femme Ring</span></h1>
<p style=""text-align: center;"">The Femme Ring is a creative model full of personality. It features two sharp stones - a beautiful and bright cubic zirconia in the center and four cubic zirconias around, offering a shine from different angles. Made of 925 sterling silver.</p>
<p style=""text-align: center;""><img height=""552"" width=""552"" src=""https://cdn.shopify.com/s/files/1/0653/5312/1845/files/S6e25ceb0c0dd40e5a6d4f817bb6002b1A.jpg?v=1732136785"" alt=""""></p>
<p style=""text-align: center;"">Its modern and elegant design makes it ideal for both formal and informal occasions. The Femme Ring is a beautiful, sophisticated, and well-crafted model, perfect for gifting modern and exceptional women.</p>
<h2 style=""text-align: left;""><span data-mce-fragment=""1"" data-offset-key=""ct04j-223-0"">Specifications:</span></h2>
<p><span data-mce-fragment=""1"" data-offset-key=""ct04j-223-0"">Material | 925 Sterling Silver with White Gold Plating<br>Dimensions | 2.5 x 2.5 cm<br>Stones | Cubic Zirconias<br>Finish | Polished<br>Hypoallergenic | Yes<br>Corrosion Resistant | Yes</span></p>
<p style=""text-align: center;""><br></p>",DSERS,,moda,"best-sellers, accessories",FALSE,Size,6,,Color,1,,,,,200000369:1394;200000783:29#GOLD COLOR,0.0,shopify,1000,continue,manual,29.40,49.00,TRUE,FALSE,,https://cdn.shopify.com/s/files/1/0913/8651/1642/files/S6e25ceb0c0dd40e5a6d4f817bb6002b1A.jpg?v=1732136754,1,,FALSE,,,,,,,,,,,,,,https://cdn.shopify.com/s/files/1/0913/8651/1642/files/Sfa3ab99984bc40568ad5d213efd7305af.jpg?v=1732136754,kg,,,TRUE,,,TRUE,,,active
small-bag-women-39-s-crossbody-new-french-popular-network-red-fashion-foreign-style-crossbody-bag-versatile-mother-39-s-mobile-bag,Lightweight and Small Crossbody Bag,"<h1 style=""text-align: center;"" class=""a-size-large a-spacing-none"" data-mce-style=""text-align: center;""><span class=""a-size-large product-title-word-break"" id=""productTitle"" style=""color: #ff8000;"" data-mce-style=""color: #ff8000;"">Lightweight and Small Crossbody Bag</span></h1>
<p style=""text-align: center;"">The OPXTO is a small and versatile bag perfect for events and outings. The bag is made of high-quality soft PU leather and features a water-resistant zipper closure, gold-tone details, an adjustable shoulder strap, and back handles for added convenience.</p>
<p style=""text-align: center;"" data-mce-style=""text-align: center;""><span data-offset-key=""atpd4-210-0"" data-mce-fragment=""1""><img src=""https://m.media-amazon.com/images/I/41X1x4wTsgS._SX466_.jpg"" data-mce-src=""https://m.media-amazon.com/images/I/41X1x4wTsgS._SX466_.jpg""></span></p>
<p style=""text-align: center;"">It has a main compartment with internal zip pockets, business card pockets, and a back handle to attach to the bag. It is perfect for adding an extra touch of glamour to your finest outfits.</p>
<h2 style=""text-align: left;"" data-mce-style=""text-align: left;""><span data-offset-key=""atpd4-276-0"" data-mce-fragment=""1"">Specifications:</span></h2>
<p><span data-offset-key=""atpd4-276-0"" data-mce-fragment=""1"">Material: High-quality PU leather<br>Dimensions: 12 * 25 * 8 cm<br>Closure: Water-resistant zipper<br>Gold-tone buckle detail<br>Adjustable shoulder strap<br>Main compartment with internal pockets and an external business card pocket<br>Back handle to attach to the bag.</span></p>
<p style=""text-align: center;""><br></p>",DSERS,,moda,"best-sellers, accessories",FALSE,Color,1,,,,,,,,14:193#black,0.0,shopify,0,continue,manual,215.00,250.00,TRUE,FALSE,,https://cdn.shopify.com/s/files/1/0913/8651/1642/files/Sab3f6382fbc04a0dac1b9d75aad8e0abq.jpg?v=1732136750,1,,FALSE,,,,,,,,,,,,,,https://cdn.shopify.com/s/files/1/0913/8651/1642/files/S1c3757cee34c4af6a7509f2c1162d97fw.jpg?v=1732136750,kg,,,TRUE,,,TRUE,,,active
2023-new-arrival-tonneau-design-fashion-casual-wristwatch-bracelet-simple-elegant-ladies-free-shipping-quartz-watches-for-women,FashionLady Women's Watch,"<h1 style=""text-align: center;"" class=""product-meta__title heading h1""><span style=""color: #ff8000;"">FashionLady Women's Watch</span></h1>
<p style=""text-align: center;"">This FashionLady Women's Watch comes with beautiful cheerful multicolored prints. It is made with high-quality materials for greater durability and resistance. Integrate this modern accessory into your own casual style to complement any look.</p>
<p style=""text-align: center;""><span data-offset-key=""a04rf-127-0"" data-mce-fragment=""1""><img src=""https://cdn.shopify.com/s/files/1/0701/0979/0525/products/Sd52b81ba813948f78d010f7907ddb60bq_600x.jpg?v=1675563040"" width=""500"" height=""500""></span></p>
<p style=""text-align: center;"">It pairs well with modern and classic clothes. Its fit is perfect for any occasion. It features a back zipper and an adjustable strap. An ideal watch for gifting modern and fashionable women.</p>
<h2 style=""text-align: left;""><span data-offset-key=""a04rf-192-0"" data-mce-fragment=""1"">Specifications:</span></h2>
<p><span data-offset-key=""a04rf-192-0"" data-mce-fragment=""1"">| Materials | High quality |<br>| Print | Cheerful and beautiful multicolored|<br>| Adjustment | Screw/Clasp |<br>| Dial Type | Analog |<br>| Extra Features | Back zipper and adjustable strap|</span></p>",DSERS,,moda,"best-sellers, accessories",FALSE,Style,1251CC,,,,,,,,14:201447598#1251CC,0.0,shopify,1000,continue,manual,195.00,225.00,TRUE,FALSE,,https://cdn.shopify.com/s/files/1/0913/8651/1642/files/Sd52b81ba813948f78d010f7907ddb60bq.jpg?v=1732136747,1,,FALSE,,,,,,,,,,,,,,https://cdn.shopify.com/s/files/1/0913/8651/1642/files/Sb45dd84e46b643fcb99df93487fc5263N.jpg?v=1732136747,kg,,,TRUE,,,TRUE,,,active
2023-knitted-women-button-sweater-pullovers-spring-autumn-basic-women-highneck-sweaters-pullover-slim-female-high-quality-top,Long Sleeve Button-Up Blouse,"<h1 class=""product-meta__title heading h1"" style=""text-align: center;"" data-mce-style=""text-align: center;""><span style=""color: #ff8000;"" data-mce-style=""color: #ff8000;"">Long Sleeve Button-Up Blouse</span></h1>
<p style=""text-align: center;"" data-mce-style=""text-align: center;"">The Long Sleeve Button-Up Blouse is an elegant and modern piece that stands out for its marked lines and refined finish. The classic style makes this blouse a great option for creating simple and modern looks. Its design features front buttons, a collar, and long sleeves.</p>
<p style=""text-align: center;"" data-mce-style=""text-align: center;""><span data-offset-key=""b14jp-123-0""><img height=""667"" width=""500"" src=""https://cdn.shopify.com/s/files/1/0601/5998/3661/products/S09717366b1654f669cd6fd44883f18c0r_600x.jpg?v=1674116657"" data-mce-src=""https://cdn.shopify.com/s/files/1/0601/5998/3661/products/S09717366b1654f669cd6fd44883f18c0r_600x.jpg?v=1674116657""></span></p>
<p style=""text-align: center;"">Additionally, the composition is in lightweight fabric, providing comfort when worn. The Long Sleeve Button-Up Blouse elevates the attitude of your look and is ideal for those seeking a charming and sophisticated look.</p>
<h2 style=""text-align: left;"" data-mce-style=""text-align: left;""><span data-offset-key=""b14jp-195-0"">Specifications:</span></h2>
<p><span data-offset-key=""b14jp-195-0"">Sizes: One size<br>Composition: Cotton<br>Style: Casual<br>Washing: Hand wash</span></p>
<p style=""text-align: center;""><br></p>",DSERS,,moda,"best-sellers, feminine",FALSE,Color,1,,Size,Size único,,,,,14:175;5:200003528,0.0,shopify,1000,continue,manual,115.00,145.00,TRUE,FALSE,,https://cdn.shopify.com/s/files/1/0913/8651/1642/files/Sda1d2c74e19b40938c7db9b62d07c4f5f.jpg?v=1732136743,1,,FALSE,,,,,,,,,,,,,,https://cdn.shopify.com/s/files/1/0913/8651/1642/files/Sda1d2c74e19b40938c7db9b62d07c4f5f.jpg?v=1732136743,kg,,,TRUE,,,TRUE,,,active
halter-crochet-bodycon-dress-cut-out-sexy-split-dresses-off-shoulder-backless-party-vestido-korean-women-chic-fashion-robe-y2k,ANGELINA DRESS,"<h1 style=""text-align: center;"" class=""product_name"" itemprop=""name""><span style=""color: #ff8000;"">ANGELINA DRESS</span></h1>
<p style=""text-align: center;"">The Halter Crochet Bodycon Dress Cut Out Sexy Split Dresses is a modern and sensual dress that combines the cut-out design of a party dress with bohemian style. Made of soft crochet fabric, this dress features a fitted cut, halter neckline, and open back. Asymmetrical cut-out details add a unique touch to the look.</p>
<p style=""text-align: center;""><img src=""https://cdn.shopify.com/s/files/1/0572/4101/0229/products/S58762b016a244880b43fb61648302232L_2000x.jpg?v=1673815367""></p>
<h2 style=""text-align: left;"">Specifications:</h2>
<p>• Material: Crochet<br>• Style: Bodycon<br>• Stitch style: Cut-out<br>• Neckline type: Halter<br>• Details: Asymmetrical cut-outs, open back<br>• Fabric treatment: Soft</p>",DSERS,,moda,"best-sellers, feminine",FALSE,Color,1,,Size,Size único,,,,,14:771#Brown;5:200003528,0.0,shopify,1000,continue,manual,177.00,207.00,TRUE,FALSE,,https://cdn.shopify.com/s/files/1/0913/8651/1642/files/S7fe0d4b0093b48e489d38094bbf93d917.jpg?v=1732136741,1,,FALSE,,,,,,,,,,,,,,https://cdn.shopify.com/s/files/1/0913/8651/1642/files/S58762b016a244880b43fb61648302232L.jpg?v=1732136741,kg,,,TRUE,,,TRUE,,,active
women-summer-camisole-sexy-solid-halter-crop-top-sleeveless-spaghetti-strap-cami-fashion-tank-tops-tube-top-basic-bodycon-tee,TOP HAILEY MESCLA,"<h1 style=""text-align: center;"" class=""ProductMeta__Title Heading u-h2""><span style=""color: #ff8000;"">TOP HAILEY MESCLA</span></h1>
<p style=""text-align: center;"">The Hailey Mescla Top is a piece made with resistant, comfortable, and fine material. With a straight cut and medium length, this innovative piece will have its best look thanks to its modern all-over appearance. It features a side opening for ease of use and shoulder seam for a detail that adds more sophistication to your look. Its fashion style ranges from casual days to more elegant occasions.</p>
<p style=""text-align: center;""><img alt="""" src=""https://cdn.shopify.com/s/files/1/0653/5312/1845/files/S7f17520032d9418eb7f595cecc4af3c0l.jpg?v=1732136772"" width=""545"" height=""727""></p>
<h2 style=""text-align: left;"">Specifications:</h2>
<p>Materials: fine fabric<br>Cut: Straight</p>
",Dsers,,moda,"best-sellers, feminine",TRUE,Color,1,,Size,S,,,,,14:350850#Gray;5:100014064,0.0,shopify,1000,continue,manual,115.00,145.00,TRUE,FALSE,,https://cdn.shopify.com/s/files/1/0913/8651/1642/files/S7f17520032d9418eb7f595cecc4af3c0l.jpg?v=1732136737,1,,FALSE,,,,,,,,,,,,,,https://cdn.shopify.com/s/files/1/0913/8651/1642/files/Sd08b4b8da3734d8fbabb7c4496ab1459O.jpg?v=1732136737,kg,,,TRUE,,,TRUE,,,active
jielur-2022-summer-black-women-denim-shorts-women-s-5xl-harem-ruffled-white-blue-high-waisted-shorts-female-elastic-short-jeans,NP Summer Women's Denim Shorts,"<h1 style=""text-align: center;"" class=""a-size-large a-spacing-none a-color-secondary""><span style=""color: #ff8000;"" id=""productTitle"" class=""a-size-large product-title-word-break"">NP Summer Women's Denim Shorts</span></h1>
<p style=""text-align: center;"">The Summer women's shorts bring a modern and relaxed style to your daily life. They feature a ruffled waist and elastic, making them very comfortable to wear. Made from slightly stretch synthetic fabric, the Summer shorts have a front zip closure and snap buttons.</p>
<p style=""text-align: center;""><img src=""https://m.media-amazon.com/images/I/61KaMnWG7aL._AC_SX522_.jpg"" width=""500"" height=""413""></p>
<h2 style=""text-align: left;"">Specifications:</h2>
<p>- Synthetic fabric<br>- Ruffled waist<br>- Elastic<br>- Front zipper<br>- Snap buttons<br>- Side pockets<br>- Comfortable fit</p>",Dsers,,moda,"best-sellers, feminine",TRUE,Color,1,,Size,S,,,,,14:173#Blue;5:100014064,0.0,shopify,1000,continue,manual,210.00,250.00,TRUE,FALSE,,https://cdn.shopify.com/s/files/1/0913/8651/1642/files/S3fc395d74068482f95fafdbc24ea1d64c.jpg?v=1732136733,1,,FALSE,,,,,,,,,,,,,,https://cdn.shopify.com/s/files/1/0913/8651/1642/files/S2113b5257d7f41f7ba7c829c7e18e0e4s.jpg?v=1732136733,kg,,,TRUE,,,TRUE,,,active
chiffon-dress-women-long-polka-dot-print-dresses-side-wrap-female-v-neck-puff-sleeve-boho-fashion-a-line-split-dress-summer,Midi Dress with Opening,"<h1 class=""product_title entry-title"" style=""text-align: center;""><span style=""color: #ff8000;"">Midi Dress with Opening</span></h1>
<p style=""text-align: center;"">The item in question is a midi dress with an opening that adds extra charm to your look. The dress is made of lightweight fabric to the touch and has a romantic pink hue. This dress is the perfect protection for busier days and offers all the comfort you need.</p>
<p style=""text-align: center;""><img height=""667"" width=""500"" src=""https://cdn.shopify.com/s/files/1/0250/0581/7892/products/S2a87ef98fd31461585af86bc6488a7c64.jpg?v=1673718580""></p>
<h2 style=""text-align: left;"">Specifications:</h2>
<p>Size: One size<br>Composition: 100% Cotton</p>",Dsers,,moda,"best-sellers, feminine",TRUE,Color,1,,Size,S,,,,,14:193#Black;5:100014064,0.0,shopify,1000,continue,manual,225.00,260.00,TRUE,FALSE,,https://cdn.shopify.com/s/files/1/0913/8651/1642/files/S2a87ef98fd31461585af86bc6488a7c64.jpg?v=1732136728,1,,FALSE,,,,,,,,,,,,,,https://cdn.shopify.com/s/files/1/0913/8651/1642/files/S77dffd730f6749a49f9835eb7ca0060eV.jpg?v=1732136728,kg,,,TRUE,,,TRUE,,,active
elegant-summer-gauze-long-sleeve-solid-color-button-v-neck-blouses-straight-loose-chiffon-thin-comfortable-women-39-s-clothing-2022,Individual Modas Shirt,"<h1 class=""product-title"" style=""text-align: center;""><span style=""color: #ff8000;"">Individual Modas Shirt</span></h1>
<p style=""text-align: center;""> This shirt is made of soft cotton with a silky touch, providing comfort throughout the day. It features a classic white color, short sleeves, a round neckline with embedded buttons, and a brand tag at the back near the hips. The seams follow a modern cut, allowing it to be paired with various styles. It is ideal for any wardrobe piece and can be worn with jeans, skirts, and shorts.</p>
<p style=""text-align: center;""><img height=""492"" width=""500"" src=""https://cdn.shopify.com/s/files/1/0513/8307/5004/products/Jastie-camisola-de-malha-feminina-bo-mio-2022-manga-longa-padr-o-bordado-bolsos-casacos-casuais_jpg_1024x1024_0ccfc228-547a-475d-87a4-2725123899f0_1024x1024.jpg?v=1661775912""></p>
<h2 style=""text-align: left;"">Specifications:</h2>
<p>Material: 100% soft cotton<br>Cut: modern<br>Neckline: round with embedded buttons<br>Sleeve: short<br>Brand tag: at the back near the hips</p>
<p style=""text-align: center;""><br></p>",Dsers,,moda,"best-sellers, feminine",TRUE,Color,1,,Size,M,,,,,14:200001438;5:361386,0.0,shopify,1000,continue,manual,150.00,180.00,TRUE,FALSE,,https://cdn.shopify.com/s/files/1/0913/8651/1642/files/Secc0b155aca64c4a896107203e5d6db17.jpg?v=1732136724,1,,FALSE,,,,,,,,,,,,,,https://cdn.shopify.com/s/files/1/0913/8651/1642/files/Se016a3c46b244398ab85ec880fdc523aJ.jpg?v=1732136724,kg,,,TRUE,,,TRUE,,,active
wide-pants-cowboy-pants-for-women-clothing-jeans-y2k-women-39-s-clothing-2022-high-waisted-jeans-woman-90s-clothes-harajuku-fashion,Infinity Comfort Jeans,"<h1 class=""product-meta__title heading h1"" style=""text-align: center;""><span style=""color: #ff8000;"">Infinity Comfort Jeans</span></h1>
<p style=""text-align: center;"">The Infinity Comfort Jeans are a classic piece of clothing modernized in an innovative way, designed to be extremely comfortable and elegant. This piece is soft and durable enough to last for years. It is made from high-quality materials and is available in a variety of styles and sizes.</p>
<p style=""text-align: center;""><span data-mce-fragment=""1"" data-offset-key=""4l08u-237-0""><img height=""500"" width=""500"" src=""https://cdn.shopify.com/s/files/1/0709/1978/2676/products/S6f98995b57ca4c928b0b6ff60281aa516_600x_a4186a73-8995-4631-9a43-4a88c583f0eb_600x.jpg?v=1676221180""></span></p>
<p style=""text-align: center;"">It offers a fit for all types of silhouettes, along with functional and conventional side pockets. The Infinity Comfort Jeans are the best choice to enhance casual looks and ensure practical accessories, high durability, and stylish attitude.</p>
<h2 style=""text-align: left;""><span data-mce-fragment=""1"" data-offset-key=""4l08u-329-0"">Specifications:</span></h2>
<p><span data-mce-fragment=""1"" data-offset-key=""4l08u-329-0"">• Fit: Advanced<br>• Color: Campaign Blue<br>• Material: Cotton and elastane<br>• Side pockets: Yes</span></p>",Dsers,,moda,"best-sellers, feminine",TRUE,Color,1,,Size,S,,,,,14:193#Black;5:100014064,0.0,shopify,1000,continue,manual,270.00,315.00,TRUE,FALSE,,https://cdn.shopify.com/s/files/1/0913/8651/1642/files/S754ed6c1eff54651b6e07e796a1dee58w.jpg?v=1732136721,1,,FALSE,,,,,,,,,,,,,,https://cdn.shopify.com/s/files/1/0913/8651/1642/files/S735e0481bc404cfd84980f483f9681a7c.jpg?v=1732136721,kg,,,TRUE,,,TRUE,,,active
fashion-woman-blouses-2023-short-sleeve-women-shirts-white-chiffon-blouse-shirt-women-tops-slash-neck-off-shoulder-top-3571-50,Short Sleeve Cold Shoulder Blouse,"<h1 style=""text-align: center;"" class=""product-title product_title entry-title""><span style=""color: #ff8000;"">Short Sleeve Cold Shoulder Blouse</span></h1>
<p style=""text-align: center;"">This short sleeve cold shoulder blouse is the perfect item to wear on warmer days. Made from a soft fabric with subtle floral prints, it features a cut-out neckline that adds an elegant and sensual touch to the look. The cut-out on the short sleeves reveals bare shoulders, for a fresh summer look. The voluminous design of the piece ensures a perfect and modern fit. Perfect for all types of events and combinations.</p>
<p style=""text-align: center;""><img height=""548"" width=""548"" src=""https://cdn.shopify.com/s/files/1/0653/5312/1845/files/Hc5ece312c2ac44a6a4f1544c001c5760t.jpg?v=1732136758"" alt=""""></p>
<h2 style=""text-align: left;"">Specifications:</h2>
<p>Fabric: polyester<br>Garment care: Hand wash or machine wash in cold temperature; Do not bleach or iron; Dry in the shade.</p>
<p style=""text-align: center;""><br></p>",Dsers,,moda,"best-sellers, feminine",TRUE,Color,1,,Size,S,,,,,14:29;5:100014064,0.0,shopify,1000,continue,manual,165.00,200.00,TRUE,FALSE,,https://cdn.shopify.com/s/files/1/0913/8651/1642/files/Hc5ece312c2ac44a6a4f1544c001c5760t.jpg?v=1732136717,1,,FALSE,,,,,,,,,,,,,,https://cdn.shopify.com/s/files/1/0913/8651/1642/files/S7e5752ee7ed4429b9c2b054a874bf2950.jpg?v=1732136717,kg,,,TRUE,,,TRUE,,,active
elegant-button-lapel-shirts-women-casual-long-sleeve-printed-cotton-linen-blouse-2023-spring-office-lady-oversized-cardigan-tops,Women's Linen Shirts and Blouses,"<h1 class=""a-size-large a-spacing-none a-color-secondary"" style=""text-align: center;""><span class=""a-size-large product-title-word-break"" id=""productTitle"" style=""color: #ff8000;"">Women's Linen Shirts and Blouses</span></h1>
<p style=""text-align: center;"">This is a women's linen shirt. It features long sleeves and a V-neck, along with narrower pleats for a perfect fit. The shirt is made of soft and durable linen, providing comfort and durability for users. The shirt is easy to machine wash, maintaining its shape and original color. It is great for a variety of occasions, from work meetings to weekend picnics.</p>
<p style=""text-align: center;""><img src=""https://m.media-amazon.com/images/I/718VBQ2E0mL._AC_SX385_.jpg""></p>
<h2 style=""text-align: left;"">Specifications:</h2>
<p>- Fabric: 100% Linen<br>- Style: Long sleeves<br>- Washing: Machine wash</p>",Dsers,,moda,"best-sellers, feminine",TRUE,Color,1,,Size,S,,,,,14:29;5:100014064,0.0,shopify,1000,continue,manual,100.00,125.00,TRUE,FALSE,,https://cdn.shopify.com/s/files/1/0913/8651/1642/files/S053a7d31da5941ccb6c166c70d135a55b.jpg?v=1732136713,1,,FALSE,,,,,,,,,,,,,,https://cdn.shopify.com/s/files/1/0913/8651/1642/files/Sad3ae65eefdf4881b6560b73a80d0bfba.jpg?v=1732136713,kg,,,TRUE,,,TRUE,,,active
boyfriend-hole-ripped-jeans-women-pants-cool-denim-vintage-jeans-for-girl-high-waist-casual-pants-female-slim-jeans-woman,Women's Jeans,"<h1 style=""text-align: center;""><span style=""color: #ff8000;"">Women's Jeans</span></h1>
<p><span style=""color: #000000;"">These are clochard jeans with pockets and a drawstring. The jeans are made of cotton, with side pockets and an adjustable drawstring at the waist. They have a classic style, with a frayed hem and contrasting details. The set is made with high-quality materials, making it durable and comfortable.</span></p>
<p><img src=""https://cdn.shopify.com/s/files/1/0553/2031/4061/products/descriptionimage9HTB1uuLrP7voK1RjSZFDq6xY3pXaC_400x.jpg?v=1639921370"" style=""display: block; margin-left: auto; margin-right: auto;""></p>
<p>Additionally, it is perfect for casual occasions, such as outings, etc. It is a great option for those looking for style and practicality when dressing.</p>
<p><strong>Specifications:</strong></p>
<p><span>- Cotton pants</span></p>
<p><span>- Clochard style</span></p>
<p><span>- Side pockets</span></p>
<p><span>- Adjustable drawstring at the waist</span></p>
<p><span>- Frayed hem</span></p>
<p><span>- Contrasting details</span></p>
<p><span>- Sizes from 1 to 5 years</span></p>
<p><span>- Made with high-quality materials</span></p>
<p><span>- Durable and comfortable</span></p>
<p><span>- Perfect for casual occasions</span></p>",Dsers,,moda,"best-sellers, feminine",TRUE,Color,1,,Size,S,,,,,14:771#dark blue;5:100014064,0.0,shopify,1000,continue,manual,230.00,270.00,TRUE,FALSE,,https://cdn.shopify.com/s/files/1/0913/8651/1642/files/HTB1esqKbCSD3KVjSZFKq6z10VXaW.jpg?v=1732136710,1,,FALSE,,,,,,,,,,,,,,https://cdn.shopify.com/s/files/1/0913/8651/1642/files/HTB1BaePbBGw3KVjSZFwq6zQ2FXal.jpg?v=1732136710,kg,,,TRUE,,,TRUE,,,active
v-neck-short-sleeve-shirt-women-contrast-color-striped-knitted-2023-summer-tops-shirt-korean-clothes-femme-camisetas-mujer-13362,Lis Women's Blouse,"<h1 class=""nome-produto titulo cor-secundaria"" style=""text-align: center;"" itemprop=""name""><span style=""color: #ff8000;"">Lis Women's Blouse</span></h1>
<p style=""text-align: center;""><span data-mce-fragment=""1"" data-offset-key=""31j5g-24-0"">The</span><span data-mce-fragment=""1"" data-offset-key=""31j5g-25-0""> Lis</span><span data-mce-fragment=""1"" data-offset-key=""31j5g-26-0""> Women's</span><span data-mce-fragment=""1"" data-offset-key=""31j5g-27-0""> Blouse</span><span data-mce-fragment=""1"" data-offset-key=""31j5g-28-0""> is</span><span data-mce-fragment=""1"" data-offset-key=""31j5g-29-0""> a</span><span data-mce-fragment=""1"" data-offset-key=""31j5g-30-0""> versatile piece for the women's wardrobe. Made from knitted cotton fabric that follows the body's shape, its long sleeves offer that touch of style that will accompany you throughout the season. Its neckline is deep, featuring cuts that help elongate the silhouette, and the cut-out details on the back add a charming touch. Its design is simple, and the chosen color highlights the wearer's beauty.</span></p>
<p style=""text-align: center;""><img height=""500"" width=""500"" src=""https://cdn.awsli.com.br/411/411095/produto/96622485/a86ef08316.jpg""></p>
<h2 style=""text-align: left;"">Specifications:</h2>
<p>• Fit: straight<br>• Color: white<br>• Fabric: Knitted cotton<br>• Sleeves: long<br>• Neckline: deep<br>• Details: cut-outs and cut-outs</p>
<p style=""text-align: center;""><br></p>",Dsers,,moda,"best-sellers, feminine",TRUE,Color,1,,Size,único,,,,,14:175;5:200003528,0.0,shopify,1000,continue,manual,235.00,270.00,TRUE,FALSE,,https://cdn.shopify.com/s/files/1/0913/8651/1642/files/H43f9a4bff3164bb48bc4113b16ca2f1ba.jpg?v=1732136706,1,,FALSE,,,,,,,,,,,,,,https://cdn.shopify.com/s/files/1/0913/8651/1642/files/H05a29b1bdc0f40c7a6b4014750d08efep.jpg?v=1732136706,kg,,,TRUE,,,TRUE,,,active
2022-newest-running-shorts-men-2-in-1-training-gym-shorts-fitness-men-joggers-jogging-summer-sports-shorts-workout-short-pants,Romacci Men's 2-in-1 Running Shorts with Quick Dry Towel,"<h1 style=""text-align: center;"" class=""a-size-large a-spacing-none""><span style=""color: #ff8000;"" id=""productTitle"" class=""a-size-large product-title-word-break"">Romacci Men's 2-in-1 Running Shorts with Quick Dry Towel</span></h1>
<p style=""text-align: center;"">These Romacci running shorts are made of high-quality polyester material for a smooth and breathable surface. The fabric is lightweight and stretchy, easy to dry, and the airflow makes the skin more comfortable. Additionally, they have a unique design with a waistband that fits perfectly to the body, providing comfort and freedom of movement.</p>
<p style=""text-align: center;""><span data-offset-key=""384v2-305-0"" data-mce-fragment=""1""><img src=""https://m.media-amazon.com/images/I/71uJ188UoBL._AC_SX679_.jpg"" width=""500"" height=""571""></span></p>
<p style=""text-align: center;"">These shorts are super comfortable and offer maximum flexibility to allow all your movements. They are easily sweat-absorbent, quick-drying, and keep you comfortable with every step.</p>
<p style=""text-align: center;""><span data-offset-key=""384v2-429-0"" data-mce-fragment=""1""><img src=""https://m.media-amazon.com/images/I/81ujrH+UEdL._AC_SX679_.jpg"" width=""500"" height=""500""></span></p>
<h2 style=""text-align: left;""><span data-offset-key=""384v2-429-0"" data-mce-fragment=""1"">Specifications:</span></h2>
<p><span data-offset-key=""384v2-429-0"" data-mce-fragment=""1"">Size: S-XL<br>Material: Polyester<br>Closure type: Elastic Waist<br>Features: Quick-dry, easy to dry, Leopard Print, lightweight and stretchy<br>Ideal for: Running, fitness, workouts, gym, other sports</span></p>
<p style=""text-align: center;""><br></p>",DSERS,,moda,"best-sellers, fitness",FALSE,Color,1,,Size,M(170cm 60kg),,,,,14:771#Blue;5:361386#M(170cm 60kg),0.0,shopify,1000,continue,manual,169.00,199.00,TRUE,FALSE,,https://cdn.shopify.com/s/files/1/0913/8651/1642/files/H8fc2faa10fc343c7865a6da4cc423f64r.jpg?v=1732136703,1,,FALSE,,,,,,,,,,,,,,https://cdn.shopify.com/s/files/1/0913/8651/1642/files/H933018c90c584ef6a0362247e2c17fdfC.jpg?v=1732136703,kg,,,TRUE,,,TRUE,,,active
5-pcs-set-men-39-s-tracksuit-gym-fitness-compression-sports-suit-clothes-running-jogging-sport-wear-exercise-workout-tights,Men's Plastic Sportswear,"<h1 class=""a-size-large a-spacing-none"" style=""text-align: center;""><span class=""a-size-large product-title-word-break"" id=""productTitle"" style=""color: #ff8000;"">Men's Plastic Sportswear</span></h1>
<p style=""text-align: center;"">The men's short-sleeved sports shirt, ideal for training or other physical activities. Made of polyester and spandex material, it offers elasticity to ensure free mobility during movements. The modern and elegant design has distinctive details such as the opening.</p>
<p style=""text-align: center;""><img height=""500"" width=""500"" src=""https://m.media-amazon.com/images/I/71zd64I-M5L._AC_SX679_.jpg""></p>
<p style=""text-align: center;"">The shirt features a unique print of stripes on the sides, creating a sporty and casual look for your workout.</p>
<h2 style=""text-align: left;"">Specifications:</h2>
<p>Size: one size<br>Material: Polyester, spandex<br>Opening at the sleeve ends<br>Side stripes<br>Bow on the right side of the neckline</p>",DSERS,,moda,"best-sellers, fitness",FALSE,Color,1,,Size,S,,,,,14:771#1;5:100014064,0.0,shopify,1000,continue,manual,380.00,420.00,TRUE,FALSE,,https://cdn.shopify.com/s/files/1/0913/8651/1642/files/H3a2eba81af7f4ac3b07ce276641b4dfc5.jpg?v=1732136699,1,,FALSE,,,,,,,,,,,,,,https://cdn.shopify.com/s/files/1/0913/8651/1642/files/He6b94c57389f4b20bb79ca2ec8f439b1f.jpg?v=1732136699,kg,,,TRUE,,,TRUE,,,active
winter-men-39-s-fleece-thicker-sweater-coat-half-zipper-turtleneck-warm-pullover-quality-male-slim-knitted-wool-sweaters-4xl,Men's Pullover Sweaters,"<h1 class=""a-size-large a-spacing-none"" style=""text-align: center;"" data-mce-style=""text-align: center;""><span class=""a-size-large product-title-word-break"" id=""productTitle"" style=""color: #ff8000;"" data-mce-style=""color: #ff8000;"">Men's Pullover Sweaters</span></h1>
<p style=""text-align: center;"">This shirt is made of premium quality cotton, has a slightly padded style and features two front pockets. It has a front zipper and comes in cheerful colors that warm up the look. This sweater is the perfect choice to keep the man always warm and comfortable.</p>
<p style=""text-align: center;""><img height=""673"" width=""500"" src=""https://m.media-amazon.com/images/I/71JO4X8QkAL._AC_SX679_.jpg""></p>
<h2 style=""text-align: left;"">Specifications:</h2>
<p>Material: Premium quality cotton<br>Style: Padded<br>Colors: Black, Gray, Blue and Red</p>",DSERS,,moda,"best-sellers, fitness",FALSE,Color,1,,Size,M,,,,,14:1254#black gray;5:361386,0.0,shopify,1000,continue,manual,175.00,200.00,TRUE,FALSE,,https://cdn.shopify.com/s/files/1/0913/8651/1642/files/Sdebe3cbffb7147e8815892871d235ddaF.jpg?v=1732136695,1,,FALSE,,,,,,,,,,,,,,https://cdn.shopify.com/s/files/1/0913/8651/1642/files/Sfc8706ca1970444fa044268d6deeaf429.jpg?v=1732136695,kg,,,TRUE,,,TRUE,,,active
2022-camo-running-shorts-men-2-in-1-double-deck-quick-dry-gym-sport-shorts-fitness-jogging-workout-shorts-men-sports-short-pants,Sorento Shorts,"<h1 class=""product-meta__title heading h1"" style=""text-align: center;""><span style=""color: #ff8000;"">Sorento Shorts</span></h1>
<p style=""text-align: center;""><span data-mce-fragment=""1"" data-offset-key=""r4ec-25-0"">The</span><span data-mce-fragment=""1"" data-offset-key=""r4ec-26-0""> Sorento</span><span data-mce-fragment=""1"" data-offset-key=""r4ec-27-0""> Shorts</span><span data-mce-fragment=""1"" data-offset-key=""r4ec-28-0""> are</span><span data-mce-fragment=""1"" data-offset-key=""r4ec-29-0""> an</span><span data-mce-fragment=""1"" data-offset-key=""r4ec-30-0""> essential piece when creating modern looks. Made with smooth fabric and mid-rise waist, they feature a straight cut in the front and also have stitches on the sides of the waistband to resemble the traditional shape of jeans.</span></p>
<p style=""text-align: center;""><span data-mce-fragment=""1"" data-offset-key=""r4ec-31-0""><img src=""https://cdn.shopify.com/s/files/1/0393/1016/4013/products/Hd967a215114740bbb79d1980f5c69ca7K_500x.jpg?v=1595787273""></span></p>
<p style=""text-align: center;""><span data-mce-fragment=""1"" data-offset-key=""r4ec-31-0"">Additionally, they have five pockets, three on the right side and two on the left side, and a rear part with a traditional tear, bringing a creative and different touch to the look. Available in denim and black, these shorts are a wildcard when it comes to versatility and modernity.</span></p>
<h2 style=""text-align: left;""><span data-mce-fragment=""1"" data-offset-key=""r4ec-31-0"">Specifications:</span></h2>
<p><span data-mce-fragment=""1"" data-offset-key=""r4ec-31-0"">Size: various sizes<br>Composition: 99% cotton and 1% elastane<br>Mid-rise waist<br>Straight cut in the front<br>5 pockets<br><br></span></p>
<p style=""text-align: center;""><br></p>",DSERS,,moda,"best-sellers, fitness",FALSE,Color,1,,Size,M(170cm 60kg),,,,,14:771#Gray camouflage;5:361386#M(170cm 60kg),0.0,shopify,1000,continue,manual,180.00,210.00,TRUE,FALSE,,https://cdn.shopify.com/s/files/1/0913/8651/1642/files/Hb1dc03198f564ac1ba27aafb773f9f48t.jpg?v=1732136692,1,,FALSE,,,,,,,,,,,,,,https://cdn.shopify.com/s/files/1/0913/8651/1642/files/S22affc127be442bb98e3f8a1957835c4x.jpg?v=1732136692,kg,,,TRUE,,,TRUE,,,active
men-39-s-fitness-basketball-shorts-double-layer-lightweight-running-leggings-with-pockets-for-youth-boys-men-new-fashion-2021,Match Men's Shorts,"<h1 class=""a-size-large a-spacing-none a-color-secondary"" style=""text-align: center;""><span class=""a-size-large product-title-word-break"" id=""productTitle"" style=""color: #ff8000;"">Match Men's Shorts</span></h1>
<p style=""text-align: center;"">The Men's Academy Shorts are made of polyester and elastane, with differentiated cuts that enhance the body lines. With light and flexible fabric, the piece provides comfort and greater comfort for the athlete. It has differentiated cuts that enhance the body lines.</p>
<p style=""text-align: center;""><span data-mce-fragment=""1"" data-offset-key=""8agnb-191-0""><img src=""https://m.media-amazon.com/images/I/61ObddRty9L._AC_SX385_.jpg""></span></p>
<h2 style=""text-align: left;""><span data-mce-fragment=""1"" data-offset-key=""8agnb-191-0"">Specifications:</span></h2>
<p><span data-mce-fragment=""1"" data-offset-key=""8agnb-191-0"">Fabric: Polyester and elastane<br>Size: Available in various options<br>Cuts: Differentiated<br>Belt: Built-in<br>Holes: Waist <br>Comfort: Light and flexible <br>Modeling: Modern</span></p>",DSERS,,moda,"best-sellers, fitness",FALSE,Size,M,,Color,1,,,,,5:361386;14:193,0.0,shopify,1000,continue,manual,87.15,107.15,TRUE,FALSE,,https://cdn.shopify.com/s/files/1/0913/8651/1642/files/He63b03bcb9da4ee5a3dba5f91e7275bfS.jpg?v=1732136688,1,,FALSE,,,,,,,,,,,,,,https://cdn.shopify.com/s/files/1/0913/8651/1642/files/H089bf6dcd62f4477a43497447a3d6965I.jpg?v=1732136688,kg,,,TRUE,,,TRUE,,,active
aiithuug-fitness-jackets-women-fashion-printed-letter-sports-tops-active-wear-top-reflective-strip-night-running-jacket-workout,Befast Beat Women's Cycling Jersey,"<h1 id=""product-name"" style=""text-align: center;""><span style=""color: #ff8000;"">Befast Beat Women's Cycling Jersey</span></h1>
<p style=""text-align: center;""> This Befast Beat women's cycling jersey is made from breathable polyamide fabric to keep you light and cool during training. The fabric is designed to dry quickly and wick away sweat from the skin. It features an elastic waistband for a comfortable fit and reflective details for enhanced safety. It's a modern and comfortable look that can be worn for outdoor cycling as well as gym workouts.</p>
<p style=""text-align: center;""><img src=""https://cdn.shopify.com/s/files/1/0699/6646/3276/files/S139e83794f634c2397b0d6113d9ae17ej_480x480.jpg?v=1676295990"" alt=""""></p>
<h2 style=""text-align: left;"">Specifications:</h2>
<p>Fabric: 100% polyamide.<br>Waistband: Elastic.<br>Details: Logo on the chest, rear pockets, reflective details, front zipper.<br>Weight: Lightweight.<br>UV Protection: No.<br>Washing: Machine wash (cold).</p>
<p style=""text-align: center;""><br></p>",DSERS,,moda,"best-sellers, fitness",FALSE,Size,S,,Color,1,,,,,5:100014064;14:771#pants,0.0,shopify,1000,continue,manual,120.00,150.00,TRUE,FALSE,,https://cdn.shopify.com/s/files/1/0913/8651/1642/files/S4d48738c1bd041a48b235c01dafec6fbC.jpg?v=1732136685,1,,FALSE,,,,,,,,,,,,,,https://cdn.shopify.com/s/files/1/0913/8651/1642/files/S490b509fbaa247f180aacc11cf701debJ.jpg?v=1732136685,kg,,,TRUE,,,TRUE,,,active
men-quick-drying-training-five-point-shorts-2020-summer-new-fashion-trend-hip-hop-muscle-fitness-sports-jopping-shorts-for-man,Men's Summer Shorts,"<h1 style=""text-align: center;""><span style=""color: #ff8000;"">Men's Summer Shorts</span></h1>
<p style=""text-align: center;"">The Premium Padded Shorts will make your outdoor time warm and comfortable, whether during a mountain hike or on your way to work. Made from spandex/polyester fabric, the interior padding is hypoallergenic and designed to offer greater warmth and wind resistance. For a modern look, these shorts are designed with a style beyond the classic.</p>
<p style=""text-align: center;""><img height=""500"" width=""500"" src=""https://img.joomcdn.net/8e5bf27b2f4ca9fd278311704a4459cb417b711b_original.jpeg""></p>
<h2 style=""text-align: left;"">Specifications:</h2>
<p>Fabric: Spandex/Polyester<br>Padding: Exclusive Insulation for greater warmth and wind resistance<br>Style: Design beyond the Classic<br>Adjustable elastic waistband</p>",DSERS,,moda,"best-sellers, fitness",FALSE,Size,M (165-170cm),,Color,1,,,,,5:361386#M (165-170cm);14:771#Black,0.0,shopify,1000,continue,manual,220.00,260.00,TRUE,FALSE,,https://cdn.shopify.com/s/files/1/0913/8651/1642/files/Ha7bbe7d4c1c0425ebb26e6910fa83ccfE.jpg?v=1732136681,1,,FALSE,,,,,,,,,,,,,,https://cdn.shopify.com/s/files/1/0913/8651/1642/files/H10acb728d7fb4305b3c75cae91915e175.jpg?v=1732136681,kg,,,TRUE,,,TRUE,,,active
autumn-winter-baby-set-baby-boy-girl-casual-print-o-neck-cotton-top-pants-infant-homewear-long-sleeve-newborn-baby-girl-clothes,Kids Set - Sweatshirt,"<h1 style=""text-align: center;""><span style=""color: #ff8000;"">Kids Set - Sweatshirt</span></h1>
<div><br></div>
<div>This is a sweatshirt set consisting of a T-shirt and pants. The T-shirt is made of cotton and has a relaxed style, with a floral print and contrast details. The pants are made of sweatshirt fabric, with an elastic waistband and adjustable drawstring for added comfort.</div>
<div><br></div>
<div><img height=""545"" width=""545"" src=""https://cdn.shopify.com/s/files/1/0653/5312/1845/files/S80618b936d55446e8c4669a7d3f301faI.jpg?v=1732136725"" alt=""""></div>
<div><br></div>
<p>The set is made with high-quality materials, making it durable and comfortable. Additionally, it is perfect for casual occasions, such as outings and school days. It is a great option for those looking for style and practicality when dressing.</p>
<div><br></div>
<div><strong>Specifications: </strong></div>
<div>- Cotton T-shirt</div>
<div>- Floral print</div>
<div>- Sweatshirt pants</div>
<div>- Elastic waistband</div>
<div>- Adjustable drawstring</div>
<div>- Sizes from 4 to 14 years</div>
<div>- Made with high-quality materials</div>
<div>- Durable and comfortable</div>
<div>- Perfect for casual occasions</div>",Dsers,,moda,"best-sellers, kids",TRUE,Color,as picture 1,,Size,3-6M 66,,,,,14:771#as picture 1;200000463:200025003#3-6M 66,0.0,shopify,1000,continue,manual,98.70,138.00,TRUE,FALSE,,https://cdn.shopify.com/s/files/1/0913/8651/1642/files/S81d7bc25f97b4023869a30b9baa383b5n.jpg?v=1732136678,1,,FALSE,,,,,,,,,,,,,,https://cdn.shopify.com/s/files/1/0913/8651/1642/files/S80618b936d55446e8c4669a7d3f301faI.jpg?v=1732136678,kg,,,TRUE,,,TRUE,,,active
baby-girls-clothes-set-fleece-embroidery-daisy-pullover-sweatshirt-jogger-pants-set-girls-boys-tracksuit-toddler-girl-clothes,Kids Set - Sweatshirt,"<h1 style=""text-align: center;""><span style=""color: #ff8000;"">Kids Set - Sweatshirt</span></h1>
<p> </p>
<p>This is a sweatshirt set consisting of a T-shirt and pants. The T-shirt is made of cotton and has a relaxed style, with a floral print and contrast details. The pants are made of sweatshirt fabric, with an elastic waistband and adjustable drawstring for added comfort.</p>
<p><img src=""https://cdn.shopify.com/s/files/1/0549/7100/7028/products/Sba9272521d8c41e3997278fdfcccfb918.jpg?v=1663685639"" width=""453"" height=""453"" style=""display: block; margin-left: auto; margin-right: auto;""></p>
<p>The set is made with high-quality materials, making it durable and comfortable. Additionally, it is perfect for casual occasions, such as outings and school days. It is a great option for those looking for style and practicality when dressing.</p>
<p><img src=""https://cdn.shopify.com/s/files/1/0549/7100/7028/products/S8baa12f7dfc24927bb7e53681b5936ceH.jpg?v=1663685639"" width=""455"" height=""455"" style=""display: block; margin-left: auto; margin-right: auto;""></p>
<p> </p>
<p><strong>Specifications:</strong><span data-offset-key=""tpid-1053-0""> </span></p>
<p>- Cotton T-shirt</p>
<p>- Floral print</p>
<p>- Sweatshirt pants</p>
<p>- Elastic waistband</p>
<p>- Adjustable drawstring</p>
<p>- Sizes from 4 to 14 years</p>
<p>- Made with high-quality materials</p>
<p>- Durable and comfortable</p>
<p>- Perfect for casual occasions</p>",Dsers,,moda,"best-sellers, kids",TRUE,Color,1,,Size,3-6M 66,,,,,14:771;200000463:200025003#3-6M 66,0.0,shopify,1000,continue,manual,125.00,159.00,TRUE,FALSE,,https://cdn.shopify.com/s/files/1/0913/8651/1642/files/S63dae3f48e424b5c9bc0cb7662700ab3Q.jpg?v=1732136674,1,,FALSE,,,,,,,,,,,,,,https://cdn.shopify.com/s/files/1/0913/8651/1642/files/Sdc16ba184bcf4030ae59a9634bdb72bfx.jpg?v=1732136674,kg,,,TRUE,,,TRUE,,,active
2pcs-winter-baby-girl-boy-clothes-set-embroidery-thicken-fleece-warm-sweatshirt-pant-baby-boy-tracksuit-toddler-clothes-outfit,Unisex Kids' Set,"<h1 style=""text-align: center;""><span style=""color: #ff8000;"">Unisex Kids' Set</span></h1>
<p>This is a unisex cotton set for children between 1 and 5 years old. The set consists of a T-shirt and pants. The T-shirt is made of cotton, with a cartoon print and contrast details. The pants are made of cotton, with an elastic waistband and contrast details.</p>
<p><img src=""https://cdn.shopify.com/s/files/1/0710/5927/6060/products/S66b80fba55b949d5b3cdd644f03e9f23I_400x.jpg?v=1675176804"" style=""display: block; margin-left: auto; margin-right: auto;""></p>
<p>The set is made with high-quality materials, making it durable and comfortable. Additionally, it is perfect for casual occasions, such as outings and school days. It is a great option for those looking for style and practicality when dressing the little ones.</p>
<p><img src=""https://cdn.shopify.com/s/files/1/0710/5927/6060/products/Se4640f5f09784018822e4524f920d2f4r_400x.jpg?v=1675176799"" style=""display: block; margin-left: auto; margin-right: auto;""></p>
<p><strong>Specifications:</strong></p>
<p>- Cotton T-shirt</p>
<p>- Cartoon print</p>
<p>- Cotton pants</p>
<p>- Elastic waistband</p>
<p>- Contrast details</p>
<p>- Sizes from 1 to 5 years</p>
<p>- Made with high-quality materials</p>
<p>- Durable and comfortable</p>
<p>- Perfect for casual occasions</p>",Dsers,,moda,"best-sellers, kids",TRUE,Color,1,,Size,3-6M 66,,,,,14:771#Flower;200000463:200025003#3-6M 66,0.0,shopify,1000,continue,manual,160.00,190.00,TRUE,FALSE,,https://cdn.shopify.com/s/files/1/0913/8651/1642/files/Se4640f5f09784018822e4524f920d2f4r.jpg?v=1732136671,1,,FALSE,,,,,,,,,,,,,,https://cdn.shopify.com/s/files/1/0913/8651/1642/files/S1e0618dce8be476baa17ea36f4fcff7ec.jpg?v=1732136671,kg,,,TRUE,,,TRUE,,,active
organic-cotton-baby-clothes-set-summer-casual-tops-shorts-for-boys-girls-set-unisex-toddlers-2-pieces-kids-baby-outifs-clothing,Kids' Organic Cotton Set,"<h1 class=""product-title mt-2 mb-1 h3"" style=""text-align: center;""><span style=""color: #ff8000;"">Kids' Organic Cotton Set</span></h1>
<p style=""text-align: center;"">The Kids' Organic Cotton Set is perfect for any occasion. Made from soft and durable cotton, this two-piece set is modern and adorable. The top is light and delicate with a V-neck, reinforced shoulder details, short sleeves, an attractive front flap, and charming overlay.</p>
<p style=""text-align: center;""><span data-mce-fragment=""1"" data-offset-key=""78oln-185-0""><img height=""500"" width=""500"" src=""https://cdn.shopify.com/s/files/1/0616/9690/1283/products/S768c0802be8b4e66aa5d299f69cc8c987_720x720_crop_center.jpg?v=1675535483""></span></p>
<h2 style=""text-align: left;""><span data-mce-fragment=""1"" data-offset-key=""78oln-185-0"">Specifications:</span></h2>
<p><span data-mce-fragment=""1"" data-offset-key=""78oln-185-0"">Color: various colors<br>Materials: 100% cotton</span></p>",Dsers,,moda,"best-sellers, kids",TRUE,Color,1,,Size,66cm(3-6M),,,,,14:173#blue;200000463:200661895#66cm(3-6M),0.0,shopify,1000,continue,manual,130.00,170.00,TRUE,FALSE,,https://cdn.shopify.com/s/files/1/0913/8651/1642/files/Sc46b1cb002ad4db5811f805af042245aY.jpg?v=1732136667,1,,FALSE,,,,,,,,,,,,,,https://cdn.shopify.com/s/files/1/0913/8651/1642/files/Sa5b49d40d2cd42529acbcead37ec3f4c3.jpg?v=1732136667,kg,,,TRUE,,,TRUE,,,active
baby-boys-and-girls-clothing-set-spring-autumn-children-hooded-outerwear-tops-pants-2pcs-outfits-kids-teenage-costume-suit,2-Piece Set with Fleece Lining,"<h1 style=""text-align: center;""><span style=""color: #ff8000;"">2-Piece Set with Fleece Lining</span></h1>
<p style=""text-align: center;"">This two-piece set includes a fleece sweater to keep the child warm on colder days and a sweatshirt jacket to wear with pants for added comfort. The sweater has a simple style, with a cuff and hem to keep the shirt in place. The sweatshirt is made with thick fabric, giving the outfit shape and a high level of comfort. One of the best highlights of this set is that it has a safety solution for children, allowing them to play outdoors safely.</p>
<p style=""text-align: center;""><img height=""499"" width=""499"" src=""https://cdn.shopify.com/s/files/1/0680/4960/0776/products/c34f4d70-134a-4326-92c8-e470bc041d6a.jpg?v=1675791848&amp;width=823""></p>
<h2 style=""text-align: left;"">Specifications:</h2>
<p>Weight - 330 grams<br>Material - Cotton / Polyester / Fleece<br>Thickness - Thick fabric<br>Sizes - Available in different sizes<br>Design - Simple style; Long sleeves; Cuff and hem<br>Safety option - Yes</p>",Dsers,,moda,"best-sellers, kids",TRUE,Color,1,,Size,90cm,,,,,14:771#Grey  green suit;200000463:200004187#90cm,0.0,shopify,1000,continue,manual,300.00,350.00,TRUE,FALSE,,https://cdn.shopify.com/s/files/1/0913/8651/1642/files/S706262d8b9a5478580ee78c865c5a7bfj.jpg?v=1732136664,1,,FALSE,,,,,,,,,,,,,,https://cdn.shopify.com/s/files/1/0913/8651/1642/files/S1376458263804e718df42e33f87d88dcs.jpg?v=1732136664,kg,,,TRUE,,,TRUE,,,active
2022-spring-autumn-2-3-4-6-10years-toddler-kids-fashion-big-turn-down-collar-full-print-tops-baby-girls-long-sleeve-blouse-shirt,Strawberry Blouse,"<h1 class=""product-meta__title heading h1"" style=""text-align: center;""><span style=""color: #ff8000;"">Strawberry Blouse</span></h1>
<p style=""text-align: center;"">The Long Sleeve Strawberry Blouse is a model with sophisticated and modern vibes. Focused on delicacy and charm, the piece is made of lightweight fabric and has a front button closure, making it a versatile choice. It features a round neck, long sleeves, and ruffle details on the hem.</p>
<p style=""text-align: center;""><img src=""https://cdn.shopify.com/s/files/1/0635/3905/2729/products/He7835b2852864520be3243d98a7f19baU_400x.jpg?v=1672817183""></p>
<h2 style=""text-align: left;"">Specifications:</h2>
<p>• Composition: 100% polyester <br>• Color: strawberry <br>• Fit: long <br>• Front Closure: buttons <br>• Neckline: round <br>• Details: ruffles on the hem</p>
<p style=""text-align: center;""><br></p>",Dsers,,moda,"best-sellers, kids",TRUE,Color,1,,Size,2T,,,,,14:771#Heart;200000463:200004187,0.0,shopify,1000,continue,manual,184.00,210.00,TRUE,FALSE,,https://cdn.shopify.com/s/files/1/0913/8651/1642/files/He7835b2852864520be3243d98a7f19baU.jpg?v=1732136660,1,,FALSE,,,,,,,,,,,,,,https://cdn.shopify.com/s/files/1/0913/8651/1642/files/H0eb8a08351da425ba0df80ecb4c1dff4P.jpg?v=1732136660,kg,,,TRUE,,,TRUE,,,active
summer-children-clothes-short-sets-linen-sports-clothes-for-baby-girl-boy-t-shirts-2-piece-set-kids-toddler-1-to-6years-clothing,Summer Kids' Set,"<h1 style=""text-align: center;"" class=""js-product-name h2 h1-md"" data-store=""product-name-157457629""><span style=""color: #ff8000;"">Summer Kids' Set</span></h1>
<p style=""text-align: center;"">The Summer Kids' Set is a dynamic trio that will make any outfit more fun. The set brings the perfect combination of style and comfort. The kids' shorts are designed with an elastic and adjustable waistband for easy adjustment, ensuring more security and practicality. The kids' T-shirt is versatile and features a modern neckline and print.</p>
<p style=""text-align: center;""><img src=""https://d2r9epyceweg5n.cloudfront.net/stores/002/631/511/products/hcccfd0179ced4f6bbbcb9b82e6ea3635y-feceaf4ebb92b561af16764868648272-640-0.jpg"" width=""500"" height=""500""></p>
<p style=""text-align: center;"">To top it off, the kids' tank top is made of cotton, providing a light and fresh fit for the hotter days. With vibrant touches, the composition is perfect for kids to shine on any occasion.</p>
<h2 style=""text-align: left;"">Specifications:</h2>
<p>- Kids' Shorts: Straight cut, elastic waistband, adjustable waistband.<br>- Kids' T-shirt: Straight cut and modern neckline.</p>",Dsers,,moda,"best-sellers, kids",TRUE,Color,1,,Size,1-2T(90),,,,,14:771#TZ2317-blue;200000463:200004187#1-2T(90),0.0,shopify,1000,continue,manual,135.00,175.00,TRUE,FALSE,,https://cdn.shopify.com/s/files/1/0913/8651/1642/files/Hfc8622caf67c440b8d4686a0834c0929M.jpg?v=1732136657,1,,FALSE,,,,,,,,,,,,,,https://cdn.shopify.com/s/files/1/0913/8651/1642/files/Hbaa10c399a9f4b6bbea5543c2a9b97d3u.jpg?v=1732136657,kg,,,TRUE,,,TRUE,,,active
cotton-workout-gym-tank-top-mens-muscle-sleeveless-sportswear-shirt-stringer-fashion-clothing-bodybuilding-singlets-fitness-vest,Basic White Tank Top,"<h1 style=""text-align: center;""><span style=""color: #ff8000;"">Basic White Tank Top</span></h1>
<p style=""text-align: center;"">With a sleeveless design, the Basic White Tank Top from the brand Metamorfose Brasil is perfect for personalizing your casual look. It features a V-neck, thin straps, a lightweight, soft fabric with a good drape, and a mini label on the side. The model brings a younger, more relaxed style to your everyday looks.</p>
<p style=""text-align: center;""><img alt="""" src=""https://cdn.shopify.com/s/files/1/0914/8363/6002/files/S73b00c2c1a0f464092400dc32c14bb8f3.jpg?v=1732037995""></p>
<h2 style=""text-align: left;"">Specifications:</h2>
<p>Design: Sleeveless<br>Neck: V<br>Fabric: Lightweight and Soft<br>Label: Mini on the side<br>Composition: 98% Cotton, 2% Elastane.</p>
<p style=""text-align: center;""><br></p>",DSERS,,moda,"best-sellers, men's",FALSE,Color,1,,,,,,,,14:193#black,0.0,shopify,1000,continue,manual,85.00,115.00,TRUE,FALSE,,https://cdn.shopify.com/s/files/1/0913/8651/1642/files/S73b00c2c1a0f464092400dc32c14bb8f3.jpg?v=1732136653,1,,FALSE,,,,,,,,,,,,,,https://cdn.shopify.com/s/files/1/0913/8651/1642/files/S1a650686d41d46d683b8455078006980E.jpg?v=1732136653,kg,,,TRUE,,,TRUE,,,active
new-2022-casual-army-military-jacket-men-plus-size-m-6xl-jaqueta-masculina-air-force-one-spring-amp-autumn-cargo-mens-jackets-coat-1,Men's Military Cotton Jacket with High Collar and Zipper,"<h1 style=""text-align: center;""><span style=""color: #ff8000;"">Men's Military Cotton Jacket with High Collar and Zipper</span></h1>
<p style=""text-align: center;"">This men's military jacket is made of durable cotton with a padded lining for added comfort. It features a high collar with protector, front zipper closure with button, long sleeves with adjustable button cuffs, front pockets, and a pocket with buttons under the left arm. It is a practical and versatile model that pairs well with various looks and occasions.</p>
<p style=""text-align: center;""><img src=""https://m.media-amazon.com/images/I/71Lf-Z85qWL._AC_SY550_.jpg""></p>
<h2 style=""text-align: left;"">Specifications:</h2>
<p>| Material | Cotton / polyester |<br>| Collar | High collar |<br>| Buttons | Snap buttons |<br>| Sleeves | Long sleeves |<br>| Pocket | Front pocket with zipper closure |<br>| Style | Military measurements |<br>| Color | Black |<br>| Size | Available in sizes S, M, L, XL, XXL |</p>",DSERS,,moda,"best-sellers, men's",FALSE,Color,1,,Size,M,,,,,14:193;5:361386,0.0,shopify,1000,continue,manual,169.90,199.90,TRUE,FALSE,,https://cdn.shopify.com/s/files/1/0913/8651/1642/files/S2b2b8caa8c8b4f7ab7661eaa8ea4cacam_30dad161-5461-4b0a-aadc-e53760914352.jpg?v=1732136650,1,,FALSE,,,,,,,,,,,,,,https://cdn.shopify.com/s/files/1/0913/8651/1642/files/Se6f129a4170e41a4a05977a7a148d9b8Y_0e23d5a6-23bd-4c82-ab49-6a787dffcd3f.jpg?v=1732136650,kg,,,TRUE,,,TRUE,,,active
top-grade-wool-4-7-traceless-new-fashion-brand-luxury-mens-designer-polo-shirt-simple-casual-long-sleeve-tops-men-clothing,Polo Shirt,"<h1 class=""product-title"" style=""text-align: center;""><span style=""color: #ff8000;"">Polo Shirt</span></h1>
<p style=""text-align: center;"">The superior wool polo shirt with the latest fashion trend from the luxury brand. The shirt has long sleeves, button closure, and a discreet weave pattern. Made from superior wool, this is a comfortable polo that is resistant to shrinking and tearing. It features a classic frame with a rolled collar, making it easy to secure a fit and adding charm to the top. Ideal for wearing with skinny jeans to professionalize the look.</p>
<p style=""text-align: center;""><img height=""530"" width=""530"" src=""https://cdn.shopify.com/s/files/1/0653/5312/1845/files/Sec07206961594dc28c0236a816c7940dJ.jpg?v=1732136699"" alt=""""></p>
<h2 style=""text-align: left;"">Specifications:</h2>
<p>Material: wool<br>Closure: button<br>Sleeve: long<br>Collar: rolled<br>Pattern: discreet.</p>
<p style=""text-align: center;""><br></p>",Dsers,,moda,"best-sellers, men's",TRUE,Color,1,,Size,M,,,,,14:193;5:361386,0.0,shopify,1000,continue,manual,400.00,441.00,TRUE,FALSE,,https://cdn.shopify.com/s/files/1/0913/8651/1642/files/Sef43a35754e34eafb552530d3235e8860.jpg?v=1732136647,1,,FALSE,,,,,,,,,,,,,,https://cdn.shopify.com/s/files/1/0913/8651/1642/files/Sec07206961594dc28c0236a816c7940dJ.jpg?v=1732136647,kg,,,TRUE,,,TRUE,,,active